type,city,district,voted,voted_agree,voted_disagree,valid,invalid,eligible
city,臺北市,,629887.0,475405.0,150152.0,625557.0,4330.0,2087808.0
district,臺北市,松山區,50475.0,38664.0,11555.0,50219.0,256.0,157134.0
district,臺北市,信義區,53561.0,42020.0,11193.0,53213.0,348.0,176662.0
district,臺北市,大安區,73521.0,56885.0,16199.0,73084.0,437.0,234682.0
district,臺北市,中山區,54295.0,39772.0,14178.0,53950.0,345.0,184676.0
district,臺北市,中正區,36176.0,27527.0,8366.0,35893.0,283.0,118493.0
district,臺北市,大同區,27074.0,17812.0,9039.0,26851.0,223.0,100581.0
district,臺北市,萬華區,44226.0,32248.0,11596.0,43844.0,382.0,151037.0
district,臺北市,文山區,70611.0,57144.0,13068.0,70212.0,399.0,217207.0
district,臺北市,南港區,27793.0,21514.0,6129.0,27643.0,150.0,95755.0
district,臺北市,內湖區,68696.0,53590.0,14685.0,68275.0,421.0,226011.0
district,臺北市,士林區,64725.0,45529.0,18653.0,64182.0,543.0,223743.0
district,臺北市,北投區,58734.0,42700.0,15491.0,58191.0,543.0,201827.0
city,新北市,,1047913.0,777046.0,262784.0,1039830.0,8083.0,3501235.0
district,新北市,板橋區,136865.0,99125.0,36880.0,136005.0,860.0,470112.0
district,新北市,三重區,94161.0,64237.0,29217.0,93454.0,707.0,334972.0
district,新北市,中和區,117223.0,92377.0,24033.0,116410.0,813.0,357554.0
district,新北市,永和區,60225.0,48550.0,11294.0,59844.0,381.0,182890.0
district,新北市,新莊區,96865.0,69717.0,26492.0,96209.0,656.0,356317.0
district,新北市,新店區,135272.0,98340.0,35073.0,133413.0,1859.0,274054.0
district,新北市,樹林區,41198.0,30193.0,10672.0,40865.0,333.0,151712.0
district,新北市,鶯歌區,20529.0,15192.0,5182.0,20374.0,155.0,76542.0
district,新北市,三峽區,25341.0,19557.0,5628.0,25185.0,156.0,97442.0
district,新北市,淡水區,48677.0,37907.0,10495.0,48402.0,275.0,180279.0
district,新北市,汐止區,53573.0,42107.0,11156.0,53263.0,310.0,188513.0
district,新北市,瑞芳區,7542.0,5879.0,1579.0,7458.0,84.0,32457.0
district,新北市,土城區,56956.0,42427.0,14145.0,56572.0,384.0,208112.0
district,新北市,蘆洲區,42891.0,29373.0,13253.0,42626.0,265.0,169180.0
district,新北市,五股區,20880.0,15249.0,5482.0,20731.0,149.0,81752.0
district,新北市,泰山區,17854.0,13448.0,4306.0,17754.0,100.0,66320.0
district,新北市,林口區,28408.0,22350.0,5912.0,28262.0,146.0,109699.0
district,新北市,深坑區,9905.0,6625.0,3133.0,9758.0,147.0,21335.0
district,新北市,石碇區,2668.0,1604.0,1005.0,2609.0,59.0,6482.0
district,新北市,坪林區,2011.0,1142.0,837.0,1979.0,32.0,5778.0
district,新北市,三芝區,4831.0,3779.0,1018.0,4797.0,34.0,20108.0
district,新北市,石門區,1899.0,1505.0,384.0,1889.0,10.0,9202.0
district,新北市,八里區,9189.0,7009.0,2130.0,9139.0,50.0,38031.0
district,新北市,平溪區,791.0,585.0,199.0,784.0,7.0,3770.0
district,新北市,雙溪區,1482.0,1085.0,385.0,1470.0,12.0,7020.0
district,新北市,貢寮區,1583.0,870.0,697.0,1567.0,16.0,9966.0
district,新北市,金山區,3853.0,2886.0,935.0,3821.0,32.0,17972.0
district,新北市,萬里區,3616.0,2776.0,813.0,3589.0,27.0,18517.0
district,新北市,烏來區,1625.0,1152.0,449.0,1601.0,24.0,5147.0
city,桃園市,,532214.0,429306.0,98886.0,528192.0,4022.0,1971813.0
district,桃園市,桃園區,105232.0,83427.0,21170.0,104597.0,635.0,397679.0
district,桃園市,中壢區,105174.0,86872.0,17523.0,104395.0,779.0,366411.0
district,桃園市,大溪區,20548.0,15652.0,4687.0,20339.0,209.0,80482.0
district,桃園市,楊梅區,42167.0,35557.0,6318.0,41875.0,292.0,152947.0
district,桃園市,蘆竹區,35938.0,27884.0,7806.0,35690.0,248.0,141687.0
district,桃園市,大園區,16967.0,13226.0,3609.0,16835.0,132.0,74616.0
district,桃園市,龜山區,42690.0,33444.0,8923.0,42367.0,323.0,159671.0
district,桃園市,八德區,49398.0,39642.0,9311.0,48953.0,445.0,180309.0
district,桃園市,龍潭區,31773.0,26672.0,4829.0,31501.0,272.0,108257.0
district,桃園市,平鎮區,55441.0,45506.0,9481.0,54987.0,454.0,191035.0
district,桃園市,新屋區,10870.0,8747.0,2041.0,10788.0,82.0,43045.0
district,桃園市,觀音區,13938.0,10876.0,2946.0,13822.0,116.0,64935.0
district,桃園市,復興區,2078.0,1801.0,242.0,2043.0,35.0,10739.0
city,臺中市,,869580.0,645486.0,212952.0,858438.0,11142.0,2416540.0
district,臺中市,中區,3888.0,2783.0,1043.0,3826.0,62.0,14247.0
district,臺中市,東區,20584.0,15570.0,4853.0,20423.0,161.0,66971.0
district,臺中市,南區,33982.0,26216.0,7532.0,33748.0,234.0,110290.0
district,臺中市,西區,29234.0,21819.0,7204.0,29023.0,211.0,94923.0
district,臺中市,北區,39153.0,30106.0,8713.0,38819.0,334.0,124643.0
district,臺中市,西屯區,58254.0,46388.0,11508.0,57896.0,358.0,197594.0
district,臺中市,南屯區,45580.0,35649.0,9608.0,45257.0,323.0,152619.0
district,臺中市,北屯區,78228.0,62086.0,15552.0,77638.0,590.0,262887.0
district,臺中市,豐原區,68398.0,46546.0,20666.0,67212.0,1186.0,136308.0
district,臺中市,東勢區,20709.0,15192.0,5083.0,20275.0,434.0,41471.0
district,臺中市,大甲區,16287.0,12986.0,3118.0,16104.0,183.0,61273.0
district,臺中市,清水區,20713.0,15953.0,4513.0,20466.0,247.0,76845.0
district,臺中市,沙鹿區,40009.0,28489.0,10812.0,39301.0,708.0,82414.0
district,臺中市,梧棲區,14261.0,11193.0,2901.0,14094.0,167.0,53664.0
district,臺中市,后里區,21643.0,15510.0,5715.0,21225.0,418.0,44982.0
district,臺中市,神岡區,26848.0,18028.0,8330.0,26358.0,490.0,54616.0
district,臺中市,潭子區,45131.0,31421.0,13020.0,44441.0,690.0,93188.0
district,臺中市,大雅區,38181.0,27194.0,10399.0,37593.0,588.0,79163.0
district,臺中市,新社區,9504.0,6801.0,2482.0,9283.0,221.0,20263.0
district,臺中市,石岡區,6091.0,4372.0,1603.0,5975.0,116.0,12181.0
district,臺中市,外埔區,7778.0,6340.0,1348.0,7688.0,90.0,26776.0
district,臺中市,大安區,3915.0,3098.0,758.0,3856.0,59.0,15686.0
district,臺中市,烏日區,34417.0,23421.0,10395.0,33816.0,601.0,68927.0
district,臺中市,大肚區,24042.0,16785.0,6766.0,23551.0,491.0,47813.0
district,臺中市,龍井區,32664.0,23158.0,8963.0,32121.0,543.0,67069.0
district,臺中市,霧峰區,27632.0,19141.0,7979.0,27120.0,512.0,54857.0
district,臺中市,太平區,47766.0,37462.0,9780.0,47242.0,524.0,169002.0
district,臺中市,大里區,51392.0,39079.0,11770.0,50849.0,543.0,176590.0
district,臺中市,和平區,3296.0,2700.0,538.0,3238.0,58.0,9278.0
city,臺南市,,426241.0,281553.0,141687.0,423240.0,3001.0,1600962.0
district,臺南市,新營區,16755.0,11988.0,4645.0,16633.0,122.0,63544.0
district,臺南市,鹽水區,4785.0,3143.0,1592.0,4735.0,50.0,21324.0
district,臺南市,白河區,5155.0,3205.0,1892.0,5097.0,58.0,22908.0
district,臺南市,柳營區,4484.0,3021.0,1428.0,4449.0,35.0,18063.0
district,臺南市,後壁區,4725.0,3004.0,1664.0,4668.0,57.0,19273.0
district,臺南市,東山區,3029.0,2048.0,948.0,2996.0,33.0,17100.0
district,臺南市,麻豆區,9557.0,5402.0,4088.0,9490.0,67.0,37463.0
district,臺南市,下營區,4622.0,3059.0,1535.0,4594.0,28.0,19586.0
district,臺南市,六甲區,4281.0,2766.0,1481.0,4247.0,34.0,18552.0
district,臺南市,官田區,4622.0,2791.0,1792.0,4583.0,39.0,18425.0
district,臺南市,大內區,1691.0,1059.0,611.0,1670.0,21.0,7895.0
district,臺南市,佳里區,12516.0,8208.0,4238.0,12446.0,70.0,50206.0
district,臺南市,學甲區,5011.0,3167.0,1805.0,4972.0,39.0,21827.0
district,臺南市,西港區,5064.0,3152.0,1882.0,5034.0,30.0,21832.0
district,臺南市,七股區,3869.0,2401.0,1433.0,3834.0,35.0,18797.0
district,臺南市,將軍區,3325.0,2082.0,1214.0,3296.0,29.0,16489.0
district,臺南市,北門區,1595.0,1138.0,439.0,1577.0,18.0,8899.0
district,臺南市,新化區,9760.0,6579.0,3095.0,9674.0,86.0,36844.0
district,臺南市,善化區,11786.0,7567.0,4152.0,11719.0,67.0,43739.0
district,臺南市,新市區,8450.0,5701.0,2691.0,8392.0,58.0,32222.0
district,臺南市,安定區,6903.0,4432.0,2411.0,6843.0,60.0,26236.0
district,臺南市,山上區,1382.0,950.0,420.0,1370.0,12.0,6214.0
district,臺南市,玉井區,2771.0,2085.0,664.0,2749.0,22.0,11565.0
district,臺南市,楠西區,1779.0,1423.0,335.0,1758.0,21.0,7825.0
district,臺南市,南化區,1331.0,1033.0,285.0,1318.0,13.0,7024.0
district,臺南市,左鎮區,753.0,479.0,265.0,744.0,9.0,3904.0
district,臺南市,仁德區,19255.0,12894.0,6197.0,19091.0,164.0,67294.0
district,臺南市,歸仁區,16454.0,10595.0,5754.0,16349.0,105.0,59966.0
district,臺南市,關廟區,7657.0,4878.0,2718.0,7596.0,61.0,29685.0
district,臺南市,龍崎區,763.0,546.0,204.0,750.0,13.0,3163.0
district,臺南市,永康區,55400.0,37808.0,17251.0,55059.0,341.0,200874.0
district,臺南市,東區,45977.0,31462.0,14274.0,45736.0,241.0,151282.0
district,臺南市,南區,30782.0,19025.0,11548.0,30573.0,209.0,106487.0
district,臺南市,北區,32026.0,21621.0,10189.0,31810.0,216.0,108888.0
district,臺南市,安南區,43303.0,28579.0,14427.0,43006.0,297.0,171321.0
district,臺南市,安平區,16397.0,11111.0,5186.0,16297.0,100.0,61191.0
district,臺南市,中西區,18226.0,11151.0,6934.0,18085.0,141.0,63055.0
city,高雄市,,656998.0,423651.0,229579.0,653230.0,3768.0,2358186.0
district,高雄市,鹽埕區,5929.0,3378.0,2504.0,5882.0,47.0,20043.0
district,高雄市,鼓山區,33714.0,22081.0,11445.0,33526.0,188.0,117353.0
district,高雄市,左營區,48737.0,34281.0,14214.0,48495.0,242.0,167905.0
district,高雄市,楠梓區,46167.0,30891.0,15040.0,45931.0,236.0,163163.0
district,高雄市,三民區,80309.0,50053.0,29880.0,79933.0,376.0,284620.0
district,高雄市,新興區,12819.0,7978.0,4781.0,12759.0,60.0,43073.0
district,高雄市,前金區,7387.0,4617.0,2728.0,7345.0,42.0,25243.0
district,高雄市,苓雅區,41180.0,26158.0,14821.0,40979.0,201.0,141124.0
district,高雄市,前鎮區,45128.0,27923.0,16962.0,44885.0,243.0,156645.0
district,高雄市,旗津區,5118.0,2876.0,2204.0,5080.0,38.0,22739.0
district,高雄市,小港區,33849.0,21108.0,12545.0,33653.0,196.0,131880.0
district,高雄市,鳳山區,86910.0,57538.0,28921.0,86459.0,451.0,302364.0
district,高雄市,林園區,15057.0,8836.0,6091.0,14927.0,130.0,58634.0
district,高雄市,大寮區,26965.0,16911.0,9858.0,26769.0,196.0,98849.0
district,高雄市,大樹區,9671.0,5662.0,3929.0,9591.0,80.0,35823.0
district,高雄市,大社區,8256.0,4960.0,3245.0,8205.0,51.0,30172.0
district,高雄市,仁武區,22894.0,14628.0,8121.0,22749.0,145.0,85830.0
district,高雄市,鳥松區,11744.0,7435.0,4249.0,11684.0,60.0,39400.0
district,高雄市,岡山區,23642.0,16233.0,7275.0,23508.0,134.0,80826.0
district,高雄市,橋頭區,11438.0,6710.0,4666.0,11376.0,62.0,37800.0
district,高雄市,燕巢區,6804.0,4406.0,2334.0,6740.0,64.0,25553.0
district,高雄市,田寮區,1205.0,818.0,380.0,1198.0,7.0,5842.0
district,高雄市,阿蓮區,5696.0,3569.0,2088.0,5657.0,39.0,23518.0
district,高雄市,路竹區,11523.0,7778.0,3691.0,11469.0,54.0,42122.0
district,高雄市,湖內區,6549.0,4272.0,2237.0,6509.0,40.0,26017.0
district,高雄市,茄萣區,6197.0,3861.0,2300.0,6161.0,36.0,25577.0
district,高雄市,永安區,2727.0,1824.0,889.0,2713.0,14.0,12001.0
district,高雄市,彌陀區,4277.0,2953.0,1297.0,4250.0,27.0,15810.0
district,高雄市,梓官區,8372.0,5017.0,3285.0,8302.0,70.0,30930.0
district,高雄市,旗山區,7550.0,4899.0,2596.0,7495.0,55.0,29857.0
district,高雄市,美濃區,9733.0,7126.0,2529.0,9655.0,78.0,33219.0
district,高雄市,六龜區,2022.0,1346.0,651.0,1997.0,25.0,10392.0
district,高雄市,甲仙區,1150.0,836.0,300.0,1136.0,14.0,4882.0
district,高雄市,杉林區,2033.0,1493.0,525.0,2018.0,15.0,9769.0
district,高雄市,內門區,2554.0,1805.0,714.0,2519.0,35.0,11756.0
district,高雄市,茂林區,375.0,302.0,71.0,373.0,2.0,1560.0
district,高雄市,桃源區,717.0,607.0,101.0,708.0,9.0,3428.0
district,高雄市,那瑪夏區,600.0,482.0,112.0,594.0,6.0,2467.0
city,新竹縣,,188290.0,149516.0,36135.0,185651.0,2639.0,488509.0
district,新竹縣,竹北市,71097.0,53361.0,16909.0,70270.0,827.0,167375.0
district,新竹縣,竹東鎮,37837.0,29968.0,7235.0,37203.0,634.0,82583.0
district,新竹縣,新埔鎮,9703.0,8044.0,1523.0,9567.0,136.0,30101.0
district,新竹縣,關西鎮,7385.0,6282.0,957.0,7239.0,146.0,23285.0
district,新竹縣,湖口鄉,21894.0,18843.0,2768.0,21611.0,283.0,70386.0
district,新竹縣,新豐鄉,14664.0,12442.0,2065.0,14507.0,157.0,49362.0
district,新竹縣,芎林鄉,6536.0,5522.0,916.0,6438.0,98.0,18169.0
district,新竹縣,橫山鄉,5129.0,4043.0,977.0,5020.0,109.0,10727.0
district,新竹縣,北埔鄉,3559.0,2820.0,675.0,3495.0,64.0,7587.0
district,新竹縣,寶山鄉,5931.0,4551.0,1283.0,5834.0,97.0,13193.0
district,新竹縣,峨眉鄉,2150.0,1632.0,472.0,2104.0,46.0,4613.0
district,新竹縣,尖石鄉,1542.0,1291.0,220.0,1511.0,31.0,7372.0
district,新竹縣,五峰鄉,863.0,717.0,135.0,852.0,11.0,3756.0
city,苗栗縣,,132546.0,113477.0,17612.0,131089.0,1457.0,457783.0
district,苗栗縣,苗栗市,23992.0,21185.0,2570.0,23755.0,237.0,73455.0
district,苗栗縣,苑裡鎮,9046.0,6973.0,1979.0,8952.0,94.0,38062.0
district,苗栗縣,通霄鎮,6377.0,5045.0,1249.0,6294.0,83.0,27603.0
district,苗栗縣,竹南鎮,20915.0,17371.0,3378.0,20749.0,166.0,74371.0
district,苗栗縣,頭份市,27535.0,24181.0,3084.0,27265.0,270.0,89877.0
district,苗栗縣,後龍鎮,7047.0,5770.0,1194.0,6964.0,83.0,29729.0
district,苗栗縣,卓蘭鎮,3298.0,2663.0,597.0,3260.0,38.0,13198.0
district,苗栗縣,大湖鄉,3031.0,2641.0,340.0,2981.0,50.0,11213.0
district,苗栗縣,公館鄉,8554.0,7493.0,953.0,8446.0,108.0,26894.0
district,苗栗縣,銅鑼鄉,4558.0,4077.0,421.0,4498.0,60.0,14321.0
district,苗栗縣,南庄鄉,2130.0,1905.0,196.0,2101.0,29.0,7818.0
district,苗栗縣,頭屋鄉,2903.0,2558.0,302.0,2860.0,43.0,8674.0
district,苗栗縣,三義鄉,4274.0,3767.0,445.0,4212.0,62.0,12823.0
district,苗栗縣,西湖鄉,1637.0,1461.0,161.0,1622.0,15.0,5554.0
district,苗栗縣,造橋鄉,3223.0,2797.0,366.0,3163.0,60.0,10517.0
district,苗栗縣,三灣鄉,1733.0,1535.0,180.0,1715.0,18.0,5156.0
district,苗栗縣,獅潭鄉,1098.0,964.0,111.0,1075.0,23.0,3710.0
district,苗栗縣,泰安鄉,1195.0,1091.0,86.0,1177.0,18.0,4808.0
city,彰化縣,,281149.0,222117.0,56089.0,278206.0,2943.0,1042775.0
district,彰化縣,彰化市,56632.0,43873.0,12285.0,56158.0,474.0,186265.0
district,彰化縣,鹿港鎮,18306.0,13988.0,4144.0,18132.0,174.0,69207.0
district,彰化縣,和美鎮,20536.0,16585.0,3733.0,20318.0,218.0,74318.0
district,彰化縣,線西鄉,3976.0,3294.0,640.0,3934.0,42.0,13874.0
district,彰化縣,伸港鄉,8186.0,6798.0,1303.0,8101.0,85.0,32041.0
district,彰化縣,福興鄉,9317.0,7293.0,1920.0,9213.0,104.0,38609.0
district,彰化縣,秀水鄉,9404.0,7418.0,1888.0,9306.0,98.0,32072.0
district,彰化縣,花壇鄉,10982.0,8857.0,2021.0,10878.0,104.0,37752.0
district,彰化縣,芬園鄉,4882.0,3832.0,984.0,4816.0,66.0,19273.0
district,彰化縣,員林市,29085.0,22889.0,5945.0,28834.0,251.0,101819.0
district,彰化縣,溪湖鎮,11303.0,9200.0,1999.0,11199.0,104.0,43965.0
district,彰化縣,田中鎮,8972.0,7165.0,1714.0,8879.0,93.0,33757.0
district,彰化縣,大村鄉,9118.0,7215.0,1789.0,9004.0,114.0,33863.0
district,彰化縣,埔鹽鄉,7274.0,6172.0,1028.0,7200.0,74.0,27014.0
district,彰化縣,埔心鄉,7797.0,6083.0,1635.0,7718.0,79.0,29227.0
district,彰化縣,永靖鄉,8423.0,6626.0,1700.0,8326.0,97.0,29945.0
district,彰化縣,社頭鄉,9027.0,6957.0,1953.0,8910.0,117.0,35188.0
district,彰化縣,二水鄉,3231.0,2438.0,742.0,3180.0,51.0,12164.0
district,彰化縣,北斗鎮,7441.0,5885.0,1477.0,7362.0,79.0,27921.0
district,彰化縣,二林鎮,9704.0,7910.0,1649.0,9559.0,145.0,41187.0
district,彰化縣,田尾鄉,6021.0,4725.0,1218.0,5943.0,78.0,22324.0
district,彰化縣,埤頭鄉,5757.0,4607.0,1079.0,5686.0,71.0,24631.0
district,彰化縣,芳苑鄉,5613.0,4452.0,1075.0,5527.0,86.0,27046.0
district,彰化縣,大城鄉,2504.0,2077.0,383.0,2460.0,44.0,13146.0
district,彰化縣,竹塘鄉,2357.0,1790.0,543.0,2333.0,24.0,11869.0
district,彰化縣,溪州鄉,5301.0,3988.0,1242.0,5230.0,71.0,24298.0
city,南投縣,,194514.0,136907.0,53895.0,190802.0,3712.0,410405.0
district,南投縣,南投市,42439.0,30127.0,11618.0,41745.0,694.0,82636.0
district,南投縣,埔里鎮,32124.0,23058.0,8479.0,31537.0,587.0,66249.0
district,南投縣,草屯鎮,41615.0,29475.0,11428.0,40903.0,712.0,83825.0
district,南投縣,竹山鎮,20019.0,13493.0,6107.0,19600.0,419.0,44355.0
district,南投縣,集集鎮,4393.0,3038.0,1258.0,4296.0,97.0,8713.0
district,南投縣,名間鄉,15515.0,9893.0,5236.0,15129.0,386.0,31406.0
district,南投縣,鹿谷鄉,6686.0,4721.0,1819.0,6540.0,146.0,14401.0
district,南投縣,中寮鄉,5621.0,3948.0,1550.0,5498.0,123.0,11967.0
district,南投縣,魚池鄉,5494.0,3855.0,1531.0,5386.0,108.0,12871.0
district,南投縣,國姓鄉,6802.0,4968.0,1672.0,6640.0,162.0,14913.0
district,南投縣,水里鄉,6357.0,4366.0,1859.0,6225.0,132.0,14052.0
district,南投縣,信義鄉,3880.0,2934.0,866.0,3800.0,80.0,12524.0
district,南投縣,仁愛鄉,3569.0,3031.0,472.0,3503.0,66.0,12493.0
city,雲林縣,,128698.0,98165.0,29429.0,127594.0,1104.0,567994.0
district,雲林縣,斗六市,25669.0,20339.0,5114.0,25453.0,216.0,91669.0
district,雲林縣,斗南鎮,10188.0,7691.0,2421.0,10112.0,76.0,37669.0
district,雲林縣,虎尾鎮,15002.0,12061.0,2850.0,14911.0,91.0,59832.0
district,雲林縣,西螺鎮,8259.0,5782.0,2402.0,8184.0,75.0,37393.0
district,雲林縣,土庫鎮,4946.0,3821.0,1097.0,4918.0,28.0,23600.0
district,雲林縣,北港鎮,7611.0,5347.0,2202.0,7549.0,62.0,32243.0
district,雲林縣,古坑鄉,6326.0,4784.0,1481.0,6265.0,61.0,26390.0
district,雲林縣,大埤鄉,3590.0,2629.0,931.0,3560.0,30.0,15786.0
district,雲林縣,莿桐鄉,5644.0,3991.0,1584.0,5575.0,69.0,23923.0
district,雲林縣,林內鄉,3583.0,2793.0,752.0,3545.0,38.0,14493.0
district,雲林縣,二崙鄉,4338.0,2879.0,1405.0,4284.0,54.0,21855.0
district,雲林縣,崙背鄉,4124.0,2968.0,1103.0,4071.0,53.0,19772.0
district,雲林縣,麥寮鄉,7214.0,6064.0,1099.0,7163.0,51.0,40672.0
district,雲林縣,東勢鄉,2221.0,1789.0,413.0,2202.0,19.0,11915.0
district,雲林縣,褒忠鄉,2200.0,1728.0,453.0,2181.0,19.0,10385.0
district,雲林縣,臺西鄉,3653.0,3045.0,576.0,3621.0,32.0,19037.0
district,雲林縣,元長鄉,3756.0,2881.0,840.0,3721.0,35.0,20593.0
district,雲林縣,四湖鄉,3106.0,2450.0,631.0,3081.0,25.0,18725.0
district,雲林縣,口湖鄉,3880.0,2842.0,991.0,3833.0,47.0,21953.0
district,雲林縣,水林鄉,3388.0,2281.0,1084.0,3365.0,23.0,20089.0
city,嘉義縣,,99582.0,71315.0,27545.0,98860.0,722.0,424950.0
district,嘉義縣,太保市,7797.0,5773.0,1971.0,7744.0,53.0,33698.0
district,嘉義縣,朴子市,8273.0,5700.0,2509.0,8209.0,64.0,34389.0
district,嘉義縣,布袋鎮,4683.0,3354.0,1297.0,4651.0,32.0,21890.0
district,嘉義縣,大林鎮,6782.0,4893.0,1847.0,6740.0,42.0,26169.0
district,嘉義縣,民雄鄉,15921.0,11378.0,4462.0,15840.0,81.0,61437.0
district,嘉義縣,溪口鄉,2651.0,1792.0,842.0,2634.0,17.0,11713.0
district,嘉義縣,新港鄉,5921.0,3848.0,2032.0,5880.0,41.0,26066.0
district,嘉義縣,六腳鄉,4014.0,2718.0,1253.0,3971.0,43.0,18759.0
district,嘉義縣,東石鄉,3954.0,2908.0,1020.0,3928.0,26.0,20153.0
district,嘉義縣,義竹鄉,3134.0,2199.0,897.0,3096.0,38.0,14731.0
district,嘉義縣,鹿草鄉,2671.0,1809.0,833.0,2642.0,29.0,12602.0
district,嘉義縣,水上鄉,10827.0,7641.0,3106.0,10747.0,80.0,42886.0
district,嘉義縣,中埔鄉,8708.0,6381.0,2260.0,8641.0,67.0,37720.0
district,嘉義縣,竹崎鄉,6605.0,4928.0,1627.0,6555.0,50.0,29119.0
district,嘉義縣,梅山鄉,3781.0,2897.0,858.0,3755.0,26.0,15563.0
district,嘉義縣,番路鄉,2201.0,1687.0,501.0,2188.0,13.0,9775.0
district,嘉義縣,大埔鄉,504.0,403.0,93.0,496.0,8.0,3784.0
district,嘉義縣,阿里山鄉,1155.0,1006.0,137.0,1143.0,12.0,4496.0
city,屏東縣,,213366.0,120720.0,90460.0,211180.0,2186.0,688202.0
district,屏東縣,屏東市,54884.0,33929.0,20506.0,54435.0,449.0,164840.0
district,屏東縣,潮州鎮,14556.0,8330.0,6103.0,14433.0,123.0,46956.0
district,屏東縣,東港鎮,11481.0,5856.0,5515.0,11371.0,110.0,39132.0
district,屏東縣,恆春鎮,6830.0,4103.0,2658.0,6761.0,69.0,24992.0
district,屏東縣,萬丹鄉,13775.0,7146.0,6485.0,13631.0,144.0,42562.0
district,屏東縣,長治鄉,8231.0,4860.0,3307.0,8167.0,64.0,26161.0
district,屏東縣,麟洛鄉,3730.0,1868.0,1828.0,3696.0,34.0,9675.0
district,屏東縣,九如鄉,6047.0,2972.0,3030.0,6002.0,45.0,19057.0
district,屏東縣,里港鄉,6831.0,3557.0,3214.0,6771.0,60.0,21552.0
district,屏東縣,鹽埔鄉,5706.0,3515.0,2125.0,5640.0,66.0,20879.0
district,屏東縣,高樹鄉,6017.0,2614.0,3328.0,5942.0,75.0,20183.0
district,屏東縣,萬巒鄉,5024.0,2424.0,2538.0,4962.0,62.0,16741.0
district,屏東縣,內埔鄉,14513.0,7938.0,6435.0,14373.0,140.0,46989.0
district,屏東縣,竹田鄉,5051.0,2499.0,2485.0,4984.0,67.0,14165.0
district,屏東縣,新埤鄉,2587.0,1432.0,1119.0,2551.0,36.0,8353.0
district,屏東縣,枋寮鄉,6013.0,3333.0,2627.0,5960.0,53.0,20063.0
district,屏東縣,新園鄉,8039.0,3774.0,4176.0,7950.0,89.0,28993.0
district,屏東縣,崁頂鄉,3414.0,1648.0,1730.0,3378.0,36.0,11502.0
district,屏東縣,林邊鄉,4676.0,2203.0,2420.0,4623.0,53.0,14298.0
district,屏東縣,南州鄉,2744.0,1325.0,1385.0,2710.0,34.0,8885.0
district,屏東縣,佳冬鄉,4580.0,2277.0,2247.0,4524.0,56.0,15795.0
district,屏東縣,琉球鄉,1818.0,1268.0,522.0,1790.0,28.0,10831.0
district,屏東縣,車城鄉,2010.0,1106.0,881.0,1987.0,23.0,7069.0
district,屏東縣,滿州鄉,1601.0,896.0,682.0,1578.0,23.0,6388.0
district,屏東縣,枋山鄉,1166.0,623.0,524.0,1147.0,19.0,4507.0
district,屏東縣,三地門鄉,1893.0,1423.0,439.0,1862.0,31.0,6439.0
district,屏東縣,霧臺鄉,998.0,683.0,293.0,976.0,22.0,2808.0
district,屏東縣,瑪家鄉,1944.0,1445.0,459.0,1904.0,40.0,5660.0
district,屏東縣,泰武鄉,1464.0,1127.0,316.0,1443.0,21.0,4317.0
district,屏東縣,來義鄉,2053.0,1565.0,453.0,2018.0,35.0,6139.0
district,屏東縣,春日鄉,1034.0,784.0,224.0,1008.0,26.0,3961.0
district,屏東縣,獅子鄉,1303.0,1091.0,187.0,1278.0,25.0,4249.0
district,屏東縣,牡丹鄉,1353.0,1106.0,219.0,1325.0,28.0,4061.0
city,宜蘭縣,,88793.0,62075.0,26003.0,88078.0,715.0,388906.0
district,宜蘭縣,宜蘭市,19409.0,14203.0,5076.0,19279.0,130.0,79395.0
district,宜蘭縣,羅東鎮,13856.0,9363.0,4390.0,13753.0,103.0,56567.0
district,宜蘭縣,蘇澳鎮,7126.0,4836.0,2215.0,7051.0,75.0,32619.0
district,宜蘭縣,頭城鎮,5297.0,3941.0,1315.0,5256.0,41.0,24747.0
district,宜蘭縣,礁溪鄉,6955.0,4826.0,2078.0,6904.0,51.0,32549.0
district,宜蘭縣,壯圍鄉,4502.0,3066.0,1390.0,4456.0,46.0,21942.0
district,宜蘭縣,員山鄉,5867.0,4012.0,1803.0,5815.0,52.0,28849.0
district,宜蘭縣,冬山鄉,10588.0,6926.0,3561.0,10487.0,101.0,46111.0
district,宜蘭縣,五結鄉,8519.0,5795.0,2663.0,8458.0,61.0,37059.0
district,宜蘭縣,三星鄉,4193.0,2820.0,1342.0,4162.0,31.0,19378.0
district,宜蘭縣,大同鄉,1191.0,1089.0,85.0,1174.0,17.0,4896.0
district,宜蘭縣,南澳鄉,1290.0,1198.0,85.0,1283.0,7.0,4794.0
city,花蓮縣,,73829.0,63040.0,9956.0,72996.0,833.0,271519.0
district,花蓮縣,花蓮市,23015.0,19512.0,3306.0,22818.0,197.0,81726.0
district,花蓮縣,鳳林鎮,2758.0,2372.0,347.0,2719.0,39.0,9030.0
district,花蓮縣,玉里鎮,4586.0,3911.0,614.0,4525.0,61.0,18973.0
district,花蓮縣,新城鄉,4787.0,4087.0,653.0,4740.0,47.0,17818.0
district,花蓮縣,吉安鄉,20788.0,17765.0,2834.0,20599.0,189.0,73164.0
district,花蓮縣,壽豐鄉,4163.0,3451.0,660.0,4111.0,52.0,15098.0
district,花蓮縣,光復鄉,2733.0,2311.0,356.0,2667.0,66.0,10367.0
district,花蓮縣,豐濱鄉,917.0,771.0,124.0,895.0,22.0,3752.0
district,花蓮縣,瑞穗鄉,2354.0,2042.0,283.0,2325.0,29.0,9413.0
district,花蓮縣,富里鄉,1951.0,1691.0,223.0,1914.0,37.0,8454.0
district,花蓮縣,秀林鄉,3287.0,2900.0,345.0,3245.0,42.0,13868.0
district,花蓮縣,萬榮鄉,1249.0,1092.0,125.0,1217.0,32.0,5053.0
district,花蓮縣,卓溪鄉,1241.0,1135.0,86.0,1221.0,20.0,4803.0
city,臺東縣,,45498.0,37858.0,7191.0,45049.0,449.0,181146.0
district,臺東縣,臺東市,23416.0,19377.0,3885.0,23262.0,154.0,86852.0
district,臺東縣,成功鎮,2713.0,2301.0,376.0,2677.0,36.0,11560.0
district,臺東縣,關山鎮,1487.0,1256.0,215.0,1471.0,16.0,6801.0
district,臺東縣,卑南鄉,3752.0,3137.0,576.0,3713.0,39.0,14696.0
district,臺東縣,鹿野鄉,1430.0,1133.0,286.0,1419.0,11.0,6402.0
district,臺東縣,池上鄉,1519.0,1209.0,289.0,1498.0,21.0,6756.0
district,臺東縣,東河鄉,1674.0,1374.0,270.0,1644.0,30.0,7132.0
district,臺東縣,長濱鄉,1559.0,1302.0,225.0,1527.0,32.0,6011.0
district,臺東縣,太麻里鄉,2180.0,1808.0,347.0,2155.0,25.0,9414.0
district,臺東縣,大武鄉,1195.0,1013.0,171.0,1184.0,11.0,4770.0
district,臺東縣,綠島鄉,605.0,522.0,77.0,599.0,6.0,3867.0
district,臺東縣,海端鄉,815.0,740.0,60.0,800.0,15.0,3516.0
district,臺東縣,延平鄉,741.0,654.0,74.0,728.0,13.0,2920.0
district,臺東縣,金峰鄉,932.0,841.0,74.0,915.0,17.0,3058.0
district,臺東縣,達仁鄉,945.0,847.0,85.0,932.0,13.0,2977.0
district,臺東縣,蘭嶼鄉,535.0,344.0,181.0,525.0,10.0,4414.0
city,澎湖縣,,17335.0,13180.0,4012.0,17192.0,143.0,94412.0
district,澎湖縣,馬公市,11307.0,8769.0,2451.0,11220.0,87.0,55227.0
district,澎湖縣,湖西鄉,2659.0,1924.0,713.0,2637.0,22.0,14568.0
district,澎湖縣,白沙鄉,1360.0,1021.0,324.0,1345.0,15.0,9016.0
district,澎湖縣,西嶼鄉,1214.0,886.0,315.0,1201.0,13.0,7326.0
district,澎湖縣,望安鄉,437.0,297.0,138.0,435.0,2.0,4816.0
district,澎湖縣,七美鄉,358.0,283.0,71.0,354.0,4.0,3459.0
city,金門縣,,15593.0,14524.0,893.0,15417.0,176.0,125917.0
district,金門縣,金城鎮,4772.0,4462.0,268.0,4730.0,42.0,36875.0
district,金門縣,金沙鎮,2275.0,2131.0,115.0,2246.0,29.0,18529.0
district,金門縣,金湖鎮,3754.0,3484.0,211.0,3695.0,59.0,27161.0
district,金門縣,金寧鄉,3503.0,3231.0,238.0,3469.0,34.0,31524.0
district,金門縣,烈嶼鄉,1242.0,1170.0,60.0,1230.0,12.0,11290.0
district,金門縣,烏坵鄉,47.0,46.0,1.0,47.0,0.0,538.0
city,連江縣,,2297.0,2129.0,136.0,2265.0,32.0,11944.0
district,連江縣,南竿鄉,1420.0,1312.0,89.0,1401.0,19.0,6557.0
district,連江縣,北竿鄉,427.0,391.0,29.0,420.0,7.0,2631.0
district,連江縣,莒光鄉,220.0,208.0,10.0,218.0,2.0,1437.0
district,連江縣,東引鄉,230.0,218.0,8.0,226.0,4.0,1319.0
city,基隆市,,89258.0,70703.0,17895.0,88598.0,660.0,318691.0
district,基隆市,中正區,12161.0,9535.0,2521.0,12056.0,105.0,46445.0
district,基隆市,七堵區,12402.0,9686.0,2624.0,12310.0,92.0,46077.0
district,基隆市,暖暖區,9460.0,7683.0,1725.0,9408.0,52.0,33766.0
district,基隆市,仁愛區,9393.0,7114.0,2189.0,9303.0,90.0,33936.0
district,基隆市,中山區,11248.0,8925.0,2240.0,11165.0,83.0,41359.0
district,基隆市,安樂區,20485.0,16273.0,4076.0,20349.0,136.0,70264.0
district,基隆市,信義區,14109.0,11487.0,2520.0,14007.0,102.0,46844.0
city,新竹市,,111465.0,89585.0,21123.0,110708.0,757.0,370898.0
district,新竹市,東區,54369.0,44221.0,9848.0,54069.0,300.0,173253.0
district,新竹市,北區,38268.0,30435.0,7514.0,37949.0,319.0,129315.0
district,新竹市,香山區,18828.0,14929.0,3761.0,18690.0,138.0,68330.0
city,嘉義市,,61324.0,43674.0,17279.0,60953.0,371.0,221496.0
district,嘉義市,東區,28486.0,20439.0,7871.0,28310.0,176.0,99398.0
district,嘉義市,西區,32838.0,23235.0,9408.0,32643.0,195.0,122098.0
